gender,height,weight,index,bmi,target_weight,weight_adjustment,age,daily_steps,bmi_category
Male,187,62,1,17.7,76.9,14.9,27,3800,underweight
Male,187,62,1,17.7,76.9,14.9,28,3800,underweight
Male,187,62,1,17.7,76.9,14.9,28,3800,underweight
Male,187,62,1,17.7,76.9,14.9,28,3800,underweight
Male,187,62,1,17.7,76.9,14.9,28,3800,underweight
Male,187,62,1,17.7,76.9,14.9,28,3800,underweight
Male,187,62,1,17.7,76.9,14.9,29,3800,underweight
Male,187,62,1,17.7,76.9,14.9,29,3800,underweight
Male,187,62,1,17.7,76.9,14.9,29,3800,underweight
Male,187,62,1,17.7,76.9,14.9,29,3800,underweight
Male,187,62,1,17.7,76.9,14.9,29,3800,underweight
Male,187,62,1,17.7,76.9,14.9,29,3800,underweight
Male,187,62,1,17.7,76.9,14.9,29,3800,underweight
Male,187,62,1,17.7,76.9,14.9,29,3800,underweight
Male,187,62,1,17.7,76.9,14.9,29,3800,underweight
Male,187,62,1,17.7,76.9,14.9,29,3800,underweight
Male,187,62,1,17.7,76.9,14.9,29,3800,underweight
Male,187,62,1,17.7,76.9,14.9,30,3550,underweight
Male,187,62,1,17.7,76.9,14.9,30,3550,underweight
Male,187,62,1,17.7,76.9,14.9,30,3550,underweight
Male,187,62,1,17.7,76.9,14.9,30,3550,underweight
Male,187,62,1,17.7,76.9,14.9,30,3550,underweight
Male,187,62,1,17.7,76.9,14.9,30,3550,underweight
Male,187,62,1,17.7,76.9,14.9,30,3550,underweight
Male,187,62,1,17.7,76.9,14.9,30,3550,underweight
Male,187,62,1,17.7,76.9,14.9,30,3550,underweight
Male,187,62,1,17.7,76.9,14.9,30,3550,underweight
Male,187,62,1,17.7,76.9,14.9,30,3550,underweight
Male,187,62,1,17.7,76.9,14.9,31,3550,underweight
Male,187,62,1,17.7,76.9,14.9,31,3550,underweight
Male,187,62,1,17.7,76.9,14.9,31,3550,underweight
Male,187,62,1,17.7,76.9,14.9,31,3550,underweight
Male,187,62,1,17.7,76.9,14.9,31,3550,underweight
Male,187,62,1,17.7,76.9,14.9,31,3550,underweight
Male,187,62,1,17.7,76.9,14.9,31,3550,underweight
Male,187,62,1,17.7,76.9,14.9,31,3550,underweight
Male,187,62,1,17.7,76.9,14.9,31,3550,underweight
Male,187,62,1,17.7,76.9,14.9,31,3550,underweight
Male,187,62,1,17.7,76.9,14.9,31,3550,underweight
Male,187,62,1,17.7,76.9,14.9,31,3550,underweight
Male,187,62,1,17.7,76.9,14.9,31,3550,underweight
Male,187,62,1,17.7,76.9,14.9,31,3550,underweight
Male,187,62,1,17.7,76.9,14.9,31,3550,underweight
Male,187,62,1,17.7,76.9,14.9,31,3550,underweight
Male,187,62,1,17.7,76.9,14.9,31,3550,underweight
Male,187,62,1,17.7,76.9,14.9,32,3550,underweight
Male,187,62,1,17.7,76.9,14.9,32,3550,underweight
Male,187,62,1,17.7,76.9,14.9,32,3550,underweight
Male,187,62,1,17.7,76.9,14.9,32,3550,underweight
Male,187,62,1,17.7,76.9,14.9,32,3550,underweight
Male,187,62,1,17.7,76.9,14.9,32,3550,underweight
Male,187,62,1,17.7,76.9,14.9,32,3550,underweight
Male,187,62,1,17.7,76.9,14.9,32,3550,underweight
Male,187,62,1,17.7,76.9,14.9,32,3550,underweight
Male,187,62,1,17.7,76.9,14.9,32,3550,underweight
Male,187,62,1,17.7,76.9,14.9,32,3550,underweight
Male,187,62,1,17.7,76.9,14.9,32,3550,underweight
Male,187,62,1,17.7,76.9,14.9,32,3550,underweight
Male,187,62,1,17.7,76.9,14.9,32,3550,underweight
Male,187,62,1,17.7,76.9,14.9,32,3550,underweight
Male,187,62,1,17.7,76.9,14.9,32,3550,underweight
Male,187,62,1,17.7,76.9,14.9,32,3550,underweight
Male,187,62,1,17.7,76.9,14.9,33,3550,underweight
Male,187,62,1,17.7,76.9,14.9,33,3550,underweight
Male,187,62,1,17.7,76.9,14.9,33,3550,underweight
Male,187,62,1,17.7,76.9,14.9,33,3550,underweight
Male,187,62,1,17.7,76.9,14.9,33,3550,underweight
Male,187,62,1,17.7,76.9,14.9,33,3550,underweight
Male,187,62,1,17.7,76.9,14.9,33,3550,underweight
Male,187,62,1,17.7,76.9,14.9,33,3550,underweight
Male,187,62,1,17.7,76.9,14.9,33,3550,underweight
Male,187,62,1,17.7,76.9,14.9,33,3550,underweight
Male,187,62,1,17.7,76.9,14.9,33,3550,underweight
Male,187,62,1,17.7,76.9,14.9,35,3550,underweight
Male,187,62,1,17.7,76.9,14.9,35,3550,underweight
Male,187,62,1,17.7,76.9,14.9,35,3550,underweight
Male,187,62,1,17.7,76.9,14.9,35,3550,underweight
Male,187,62,1,17.7,76.9,14.9,35,3550,underweight
Male,187,62,1,17.7,76.9,14.9,35,3550,underweight
Male,187,62,1,17.7,76.9,14.9,35,3550,underweight
Male,187,62,1,17.7,76.9,14.9,35,3550,underweight
Male,187,62,1,17.7,76.9,14.9,35,3550,underweight
Male,187,62,1,17.7,76.9,14.9,35,3550,underweight
Male,187,62,1,17.7,76.9,14.9,35,3550,underweight
Male,187,62,1,17.7,76.9,14.9,36,3550,underweight
Male,187,62,1,17.7,76.9,14.9,36,3550,underweight
Male,187,62,1,17.7,76.9,14.9,37,3550,underweight
Male,187,62,1,17.7,76.9,14.9,37,3550,underweight
Male,187,62,1,17.7,76.9,14.9,37,3550,underweight
Male,187,62,1,17.7,76.9,14.9,37,3550,underweight
Male,187,62,1,17.7,76.9,14.9,37,3550,underweight
Male,187,62,1,17.7,76.9,14.9,38,3550,underweight
Male,187,62,1,17.7,76.9,14.9,38,3550,underweight
Male,187,62,1,17.7,76.9,14.9,38,3550,underweight
Male,187,62,1,17.7,76.9,14.9,38,3550,underweight
Male,187,62,1,17.7,76.9,14.9,38,3550,underweight
Male,187,62,1,17.7,76.9,14.9,38,3550,underweight
Male,187,62,1,17.7,76.9,14.9,38,3550,underweight
Male,187,62,1,17.7,76.9,14.9,38,3550,underweight
Male,187,62,1,17.7,76.9,14.9,38,3550,underweight
Male,187,62,1,17.7,76.9,14.9,38,3550,underweight
Male,187,62,1,17.7,76.9,14.9,38,3550,underweight
Male,187,62,1,17.7,76.9,14.9,39,3550,underweight
Male,187,62,1,17.7,76.9,14.9,39,3550,underweight
Male,187,62,1,17.7,76.9,14.9,39,3550,underweight
Male,187,62,1,17.7,76.9,14.9,39,3550,underweight
Male,187,62,1,17.7,76.9,14.9,39,3550,underweight
Male,187,62,1,17.7,76.9,14.9,39,3550,underweight
Male,187,62,1,17.7,76.9,14.9,39,3550,underweight
Male,187,62,1,17.7,76.9,14.9,39,3550,underweight
Male,187,62,1,17.7,76.9,14.9,39,3550,underweight
Male,187,62,1,17.7,76.9,14.9,39,3550,underweight
Male,187,62,1,17.7,76.9,14.9,39,3550,underweight
Male,187,62,1,17.7,76.9,14.9,39,3550,underweight
Male,187,62,1,17.7,76.9,14.9,40,3550,underweight
Male,187,62,1,17.7,76.9,14.9,40,3550,underweight
Male,187,62,1,17.7,76.9,14.9,41,3550,underweight
Male,187,62,1,17.7,76.9,14.9,41,3550,underweight
Male,187,62,1,17.7,76.9,14.9,41,3550,underweight
Male,187,62,1,17.7,76.9,14.9,41,3550,underweight
Male,187,62,1,17.7,76.9,14.9,41,3550,underweight
Male,187,62,1,17.7,76.9,14.9,41,3550,underweight
Male,187,62,1,17.7,76.9,14.9,41,3550,underweight
Male,187,62,1,17.7,76.9,14.9,41,3550,underweight
Male,187,62,1,17.7,76.9,14.9,41,3550,underweight
Male,187,62,1,17.7,76.9,14.9,41,3550,underweight
Male,187,62,1,17.7,76.9,14.9,41,3550,underweight
Male,187,62,1,17.7,76.9,14.9,41,3550,underweight
Male,187,62,1,17.7,76.9,14.9,42,3550,underweight
Male,187,62,1,17.7,76.9,14.9,42,3550,underweight
Male,187,62,1,17.7,76.9,14.9,42,3550,underweight
Male,187,62,1,17.7,76.9,14.9,42,3550,underweight
Male,187,62,1,17.7,76.9,14.9,42,3550,underweight
Male,187,62,1,17.7,76.9,14.9,42,3550,underweight
Male,187,62,1,17.7,76.9,14.9,42,3550,underweight
Male,187,62,1,17.7,76.9,14.9,43,3550,underweight
Male,187,62,1,17.7,76.9,14.9,43,3550,underweight
Male,187,62,1,17.7,76.9,14.9,43,3550,underweight
Male,187,62,1,17.7,76.9,14.9,43,3550,underweight
Male,187,62,1,17.7,76.9,14.9,43,3550,underweight
Male,187,62,1,17.7,76.9,14.9,43,3550,underweight
Male,187,62,1,17.7,76.9,14.9,43,3550,underweight
Male,187,62,1,17.7,76.9,14.9,43,3550,underweight
Male,187,62,1,17.7,76.9,14.9,43,3550,underweight
Male,187,62,1,17.7,76.9,14.9,43,3550,underweight
Male,187,62,1,17.7,76.9,14.9,43,3550,underweight
Male,187,62,1,17.7,76.9,14.9,43,3550,underweight
Male,187,62,1,17.7,76.9,14.9,43,3550,underweight
Male,187,62,1,17.7,76.9,14.9,43,3550,underweight
Male,187,62,1,17.7,76.9,14.9,43,3550,underweight
Male,187,62,1,17.7,76.9,14.9,43,3550,underweight
Male,187,62,1,17.7,76.9,14.9,43,3550,underweight
Male,187,62,1,17.7,76.9,14.9,43,3550,underweight
Male,187,62,1,17.7,76.9,14.9,43,3550,underweight
Male,187,62,1,17.7,76.9,14.9,43,3550,underweight
Male,187,62,1,17.7,76.9,14.9,43,3550,underweight
Male,187,62,1,17.7,76.9,14.9,43,3550,underweight
Male,187,62,1,17.7,76.9,14.9,43,3550,underweight
Male,187,62,1,17.7,76.9,14.9,43,3550,underweight
Male,187,62,1,17.7,76.9,14.9,43,3550,underweight
Male,187,62,1,17.7,76.9,14.9,43,3550,underweight
Male,187,62,1,17.7,76.9,14.9,43,3550,underweight
Male,187,62,1,17.7,76.9,14.9,43,3550,underweight
Male,187,62,1,17.7,76.9,14.9,43,3550,underweight
Male,187,62,1,17.7,76.9,14.9,43,3550,underweight
Male,187,62,1,17.7,76.9,14.9,43,3550,underweight
Male,187,62,1,17.7,76.9,14.9,44,3550,underweight
Male,187,62,1,17.7,76.9,14.9,44,3550,underweight
Male,187,62,1,17.7,76.9,14.9,44,3550,underweight
Male,187,62,1,17.7,76.9,14.9,44,3550,underweight
Male,187,62,1,17.7,76.9,14.9,44,3550,underweight
Male,187,62,1,17.7,76.9,14.9,44,3550,underweight
Male,187,62,1,17.7,76.9,14.9,44,3550,underweight
Male,187,62,1,17.7,76.9,14.9,44,3550,underweight
Male,187,62,1,17.7,76.9,14.9,44,3550,underweight
Male,187,62,1,17.7,76.9,14.9,44,3550,underweight
Male,187,62,1,17.7,76.9,14.9,44,3550,underweight
Male,187,62,1,17.7,76.9,14.9,44,3550,underweight
Male,187,62,1,17.7,76.9,14.9,44,3550,underweight
Male,187,62,1,17.7,76.9,14.9,44,3550,underweight
Male,187,62,1,17.7,76.9,14.9,44,3550,underweight
Male,187,62,1,17.7,76.9,14.9,44,3550,underweight
Male,187,62,1,17.7,76.9,14.9,44,3550,underweight
Male,187,62,1,17.7,76.9,14.9,44,3550,underweight
Male,187,62,1,17.7,76.9,14.9,44,3550,underweight
Male,187,62,1,17.7,76.9,14.9,48,3550,underweight
Male,187,62,1,17.7,76.9,14.9,48,3550,underweight
Male,187,62,1,17.7,76.9,14.9,49,3550,underweight
Male,187,62,1,17.7,76.9,14.9,49,3550,underweight
Male,178,52,1,16.4,69.7,17.7,27,3800,underweight
Male,178,52,1,16.4,69.7,17.7,28,3800,underweight
Male,178,52,1,16.4,69.7,17.7,28,3800,underweight
Male,178,52,1,16.4,69.7,17.7,28,3800,underweight
Male,178,52,1,16.4,69.7,17.7,28,3800,underweight
Male,178,52,1,16.4,69.7,17.7,28,3800,underweight
Male,178,52,1,16.4,69.7,17.7,29,3800,underweight
Male,178,52,1,16.4,69.7,17.7,29,3800,underweight
Male,178,52,1,16.4,69.7,17.7,29,3800,underweight
Male,178,52,1,16.4,69.7,17.7,29,3800,underweight
Male,178,52,1,16.4,69.7,17.7,29,3800,underweight
Male,178,52,1,16.4,69.7,17.7,29,3800,underweight
Male,178,52,1,16.4,69.7,17.7,29,3800,underweight
Male,178,52,1,16.4,69.7,17.7,29,3800,underweight
Male,178,52,1,16.4,69.7,17.7,29,3800,underweight
Male,178,52,1,16.4,69.7,17.7,29,3800,underweight
Male,178,52,1,16.4,69.7,17.7,29,3800,underweight
Male,178,52,1,16.4,69.7,17.7,30,3550,underweight
Male,178,52,1,16.4,69.7,17.7,30,3550,underweight
Male,178,52,1,16.4,69.7,17.7,30,3550,underweight
Male,178,52,1,16.4,69.7,17.7,30,3550,underweight
Male,178,52,1,16.4,69.7,17.7,30,3550,underweight
Male,178,52,1,16.4,69.7,17.7,30,3550,underweight
Male,178,52,1,16.4,69.7,17.7,30,3550,underweight
Male,178,52,1,16.4,69.7,17.7,30,3550,underweight
Male,178,52,1,16.4,69.7,17.7,30,3550,underweight
Male,178,52,1,16.4,69.7,17.7,30,3550,underweight
Male,178,52,1,16.4,69.7,17.7,30,3550,underweight
Male,178,52,1,16.4,69.7,17.7,31,3550,underweight
Male,178,52,1,16.4,69.7,17.7,31,3550,underweight
Male,178,52,1,16.4,69.7,17.7,31,3550,underweight
Male,178,52,1,16.4,69.7,17.7,31,3550,underweight
Male,178,52,1,16.4,69.7,17.7,31,3550,underweight
Male,178,52,1,16.4,69.7,17.7,31,3550,underweight
Male,178,52,1,16.4,69.7,17.7,31,3550,underweight
Male,178,52,1,16.4,69.7,17.7,31,3550,underweight
Male,178,52,1,16.4,69.7,17.7,31,3550,underweight
Male,178,52,1,16.4,69.7,17.7,31,3550,underweight
Male,178,52,1,16.4,69.7,17.7,31,3550,underweight
Male,178,52,1,16.4,69.7,17.7,31,3550,underweight
Male,178,52,1,16.4,69.7,17.7,31,3550,underweight
Male,178,52,1,16.4,69.7,17.7,31,3550,underweight
Male,178,52,1,16.4,69.7,17.7,31,3550,underweight
Male,178,52,1,16.4,69.7,17.7,31,3550,underweight
Male,178,52,1,16.4,69.7,17.7,31,3550,underweight
Male,178,52,1,16.4,69.7,17.7,32,3550,underweight
Male,178,52,1,16.4,69.7,17.7,32,3550,underweight
Male,178,52,1,16.4,69.7,17.7,32,3550,underweight
Male,178,52,1,16.4,69.7,17.7,32,3550,underweight
Male,178,52,1,16.4,69.7,17.7,32,3550,underweight
Male,178,52,1,16.4,69.7,17.7,32,3550,underweight
Male,178,52,1,16.4,69.7,17.7,32,3550,underweight
Male,178,52,1,16.4,69.7,17.7,32,3550,underweight
Male,178,52,1,16.4,69.7,17.7,32,3550,underweight
Male,178,52,1,16.4,69.7,17.7,32,3550,underweight
Male,178,52,1,16.4,69.7,17.7,32,3550,underweight
Male,178,52,1,16.4,69.7,17.7,32,3550,underweight
Male,178,52,1,16.4,69.7,17.7,32,3550,underweight
Male,178,52,1,16.4,69.7,17.7,32,3550,underweight
Male,178,52,1,16.4,69.7,17.7,32,3550,underweight
Male,178,52,1,16.4,69.7,17.7,32,3550,underweight
Male,189,87,2,24.4,78.6,-8.4,27,4300,normal weight
Male,189,87,2,24.4,78.6,-8.4,28,4300,normal weight
Male,189,87,2,24.4,78.6,-8.4,28,4300,normal weight
Male,189,87,2,24.4,78.6,-8.4,28,4300,normal weight
Male,189,87,2,24.4,78.6,-8.4,28,4300,normal weight
Male,189,87,2,24.4,78.6,-8.4,28,4300,normal weight
Male,189,87,2,24.4,78.6,-8.4,29,4300,normal weight
Male,189,87,2,24.4,78.6,-8.4,29,4300,normal weight
Male,189,87,2,24.4,78.6,-8.4,29,4300,normal weight
Male,189,87,2,24.4,78.6,-8.4,29,4300,normal weight
Male,189,87,2,24.4,78.6,-8.4,29,4300,normal weight
Male,189,87,2,24.4,78.6,-8.4,29,4300,normal weight
Male,189,87,2,24.4,78.6,-8.4,29,4300,normal weight
Male,189,87,2,24.4,78.6,-8.4,29,4300,normal weight
Male,189,87,2,24.4,78.6,-8.4,29,4300,normal weight
Male,189,87,2,24.4,78.6,-8.4,29,4300,normal weight
Male,189,87,2,24.4,78.6,-8.4,29,4300,normal weight
Male,189,87,2,24.4,78.6,-8.4,30,4050,normal weight
Male,189,87,2,24.4,78.6,-8.4,30,4050,normal weight
Male,189,87,2,24.4,78.6,-8.4,30,4050,normal weight
Male,189,87,2,24.4,78.6,-8.4,30,4050,normal weight
Male,189,87,2,24.4,78.6,-8.4,30,4050,normal weight
Male,189,87,2,24.4,78.6,-8.4,30,4050,normal weight
Male,189,87,2,24.4,78.6,-8.4,30,4050,normal weight
Male,189,87,2,24.4,78.6,-8.4,30,4050,normal weight
Male,189,87,2,24.4,78.6,-8.4,30,4050,normal weight
Male,189,87,2,24.4,78.6,-8.4,30,4050,normal weight
Male,189,87,2,24.4,78.6,-8.4,30,4050,normal weight
Male,189,87,2,24.4,78.6,-8.4,31,4050,normal weight
Male,189,87,2,24.4,78.6,-8.4,31,4050,normal weight
Male,189,87,2,24.4,78.6,-8.4,31,4050,normal weight
Male,189,87,2,24.4,78.6,-8.4,31,4050,normal weight
Male,189,87,2,24.4,78.6,-8.4,31,4050,normal weight
Male,189,87,2,24.4,78.6,-8.4,31,4050,normal weight
Male,189,87,2,24.4,78.6,-8.4,31,4050,normal weight
Male,189,87,2,24.4,78.6,-8.4,31,4050,normal weight
Male,189,87,2,24.4,78.6,-8.4,31,4050,normal weight
Male,189,87,2,24.4,78.6,-8.4,31,4050,normal weight
Male,189,87,2,24.4,78.6,-8.4,31,4050,normal weight
Male,189,87,2,24.4,78.6,-8.4,31,4050,normal weight
Male,189,87,2,24.4,78.6,-8.4,31,4050,normal weight
Male,189,87,2,24.4,78.6,-8.4,31,4050,normal weight
Male,189,87,2,24.4,78.6,-8.4,31,4050,normal weight
Male,189,87,2,24.4,78.6,-8.4,31,4050,normal weight
Male,189,87,2,24.4,78.6,-8.4,31,4050,normal weight
Male,189,87,2,24.4,78.6,-8.4,32,4050,normal weight
Male,189,87,2,24.4,78.6,-8.4,32,4050,normal weight
Male,189,87,2,24.4,78.6,-8.4,32,4050,normal weight
Male,189,87,2,24.4,78.6,-8.4,32,4050,normal weight
Male,189,87,2,24.4,78.6,-8.4,32,4050,normal weight
Male,189,87,2,24.4,78.6,-8.4,32,4050,normal weight
Male,189,87,2,24.4,78.6,-8.4,32,4050,normal weight
Male,189,87,2,24.4,78.6,-8.4,32,4050,normal weight
Male,189,87,2,24.4,78.6,-8.4,32,4050,normal weight
Male,189,87,2,24.4,78.6,-8.4,32,4050,normal weight
Male,189,87,2,24.4,78.6,-8.4,32,4050,normal weight
Male,189,87,2,24.4,78.6,-8.4,32,4050,normal weight
Male,189,87,2,24.4,78.6,-8.4,32,4050,normal weight
Male,189,87,2,24.4,78.6,-8.4,32,4050,normal weight
Male,189,87,2,24.4,78.6,-8.4,32,4050,normal weight
Male,189,87,2,24.4,78.6,-8.4,32,4050,normal weight
Male,189,87,2,24.4,78.6,-8.4,32,4050,normal weight
Male,189,87,2,24.4,78.6,-8.4,33,4050,normal weight
Male,189,87,2,24.4,78.6,-8.4,33,4050,normal weight
Male,189,87,2,24.4,78.6,-8.4,33,4050,normal weight
Male,189,87,2,24.4,78.6,-8.4,33,4050,normal weight
Male,189,87,2,24.4,78.6,-8.4,33,4050,normal weight
Male,189,87,2,24.4,78.6,-8.4,33,4050,normal weight
Male,189,87,2,24.4,78.6,-8.4,33,4050,normal weight
Male,189,87,2,24.4,78.6,-8.4,33,4050,normal weight
Male,189,87,2,24.4,78.6,-8.4,33,4050,normal weight
Male,189,87,2,24.4,78.6,-8.4,33,4050,normal weight
Male,189,87,2,24.4,78.6,-8.4,33,4050,normal weight
Male,189,87,2,24.4,78.6,-8.4,35,4050,normal weight
Male,189,87,2,24.4,78.6,-8.4,35,4050,normal weight
Male,189,87,2,24.4,78.6,-8.4,35,4050,normal weight
Male,189,87,2,24.4,78.6,-8.4,35,4050,normal weight
Male,189,87,2,24.4,78.6,-8.4,35,4050,normal weight
Male,189,87,2,24.4,78.6,-8.4,35,4050,normal weight
Male,189,87,2,24.4,78.6,-8.4,35,4050,normal weight
Male,189,87,2,24.4,78.6,-8.4,35,4050,normal weight
Male,189,87,2,24.4,78.6,-8.4,35,4050,normal weight
Male,189,87,2,24.4,78.6,-8.4,35,4050,normal weight
Male,189,87,2,24.4,78.6,-8.4,35,4050,normal weight
Male,189,87,2,24.4,78.6,-8.4,36,4050,normal weight
Male,189,87,2,24.4,78.6,-8.4,36,4050,normal weight
Male,189,87,2,24.4,78.6,-8.4,37,4050,normal weight
Male,189,87,2,24.4,78.6,-8.4,37,4050,normal weight
Male,189,87,2,24.4,78.6,-8.4,37,4050,normal weight
Male,189,87,2,24.4,78.6,-8.4,37,4050,normal weight
Male,189,87,2,24.4,78.6,-8.4,37,4050,normal weight
Male,189,87,2,24.4,78.6,-8.4,38,4050,normal weight
Male,189,87,2,24.4,78.6,-8.4,38,4050,normal weight
Male,189,87,2,24.4,78.6,-8.4,38,4050,normal weight
Male,189,87,2,24.4,78.6,-8.4,38,4050,normal weight
Male,189,87,2,24.4,78.6,-8.4,38,4050,normal weight
Male,189,87,2,24.4,78.6,-8.4,38,4050,normal weight
Male,189,87,2,24.4,78.6,-8.4,38,4050,normal weight
Male,189,87,2,24.4,78.6,-8.4,38,4050,normal weight
Male,189,87,2,24.4,78.6,-8.4,38,4050,normal weight
Male,189,87,2,24.4,78.6,-8.4,38,4050,normal weight
Male,189,87,2,24.4,78.6,-8.4,38,4050,normal weight
Male,189,87,2,24.4,78.6,-8.4,39,4050,normal weight
Male,189,87,2,24.4,78.6,-8.4,39,4050,normal weight
Male,189,87,2,24.4,78.6,-8.4,39,4050,normal weight
Male,189,87,2,24.4,78.6,-8.4,39,4050,normal weight
Male,189,87,2,24.4,78.6,-8.4,39,4050,normal weight
Male,189,87,2,24.4,78.6,-8.4,39,4050,normal weight
Male,189,87,2,24.4,78.6,-8.4,39,4050,normal weight
Male,189,87,2,24.4,78.6,-8.4,39,4050,normal weight
Male,189,87,2,24.4,78.6,-8.4,39,4050,normal weight
Male,189,87,2,24.4,78.6,-8.4,39,4050,normal weight
Male,189,87,2,24.4,78.6,-8.4,39,4050,normal weight
Male,189,87,2,24.4,78.6,-8.4,39,4050,normal weight
Male,189,87,2,24.4,78.6,-8.4,40,4050,normal weight
Male,189,87,2,24.4,78.6,-8.4,40,4050,normal weight
Male,189,87,2,24.4,78.6,-8.4,41,4050,normal weight
Male,189,87,2,24.4,78.6,-8.4,41,4050,normal weight
Male,189,87,2,24.4,78.6,-8.4,41,4050,normal weight
Male,189,87,2,24.4,78.6,-8.4,41,4050,normal weight
Male,189,87,2,24.4,78.6,-8.4,41,4050,normal weight
Male,189,87,2,24.4,78.6,-8.4,41,4050,normal weight
Male,189,87,2,24.4,78.6,-8.4,41,4050,normal weight
Male,189,87,2,24.4,78.6,-8.4,41,4050,normal weight
Male,189,87,2,24.4,78.6,-8.4,41,4050,normal weight
Male,189,87,2,24.4,78.6,-8.4,41,4050,normal weight
Male,189,87,2,24.4,78.6,-8.4,41,4050,normal weight
Male,189,87,2,24.4,78.6,-8.4,41,4050,normal weight
Male,189,87,2,24.4,78.6,-8.4,42,4050,normal weight
Male,189,87,2,24.4,78.6,-8.4,42,4050,normal weight
Male,189,87,2,24.4,78.6,-8.4,42,4050,normal weight
Male,189,87,2,24.4,78.6,-8.4,42,4050,normal weight
Male,189,87,2,24.4,78.6,-8.4,42,4050,normal weight
Male,189,87,2,24.4,78.6,-8.4,42,4050,normal weight
Male,189,87,2,24.4,78.6,-8.4,42,4050,normal weight
Male,189,87,2,24.4,78.6,-8.4,43,4050,normal weight
Male,189,87,2,24.4,78.6,-8.4,43,4050,normal weight
Male,189,87,2,24.4,78.6,-8.4,43,4050,normal weight
Male,189,87,2,24.4,78.6,-8.4,43,4050,normal weight
Male,189,87,2,24.4,78.6,-8.4,43,4050,normal weight
Male,189,87,2,24.4,78.6,-8.4,43,4050,normal weight
Male,189,87,2,24.4,78.6,-8.4,43,4050,normal weight
Male,189,87,2,24.4,78.6,-8.4,43,4050,normal weight
Male,189,87,2,24.4,78.6,-8.4,43,4050,normal weight
Male,189,87,2,24.4,78.6,-8.4,43,4050,normal weight
Male,189,87,2,24.4,78.6,-8.4,43,4050,normal weight
Male,189,87,2,24.4,78.6,-8.4,43,4050,normal weight
Male,189,87,2,24.4,78.6,-8.4,43,4050,normal weight
Male,189,87,2,24.4,78.6,-8.4,43,4050,normal weight
Male,189,87,2,24.4,78.6,-8.4,43,4050,normal weight
Male,189,87,2,24.4,78.6,-8.4,43,4050,normal weight
Male,189,87,2,24.4,78.6,-8.4,43,4050,normal weight
Male,189,87,2,24.4,78.6,-8.4,43,4050,normal weight
Male,189,87,2,24.4,78.6,-8.4,43,4050,normal weight
Male,189,87,2,24.4,78.6,-8.4,43,4050,normal weight
Male,189,87,2,24.4,78.6,-8.4,43,4050,normal weight
Male,189,87,2,24.4,78.6,-8.4,43,4050,normal weight
Male,189,87,2,24.4,78.6,-8.4,43,4050,normal weight
Male,189,87,2,24.4,78.6,-8.4,43,4050,normal weight
Male,189,87,2,24.4,78.6,-8.4,43,4050,normal weight
Male,189,87,2,24.4,78.6,-8.4,43,4050,normal weight
Male,189,87,2,24.4,78.6,-8.4,43,4050,normal weight
Male,189,87,2,24.4,78.6,-8.4,43,4050,normal weight
Male,189,87,2,24.4,78.6,-8.4,43,4050,normal weight
Male,189,87,2,24.4,78.6,-8.4,43,4050,normal weight
Male,189,87,2,24.4,78.6,-8.4,43,4050,normal weight
Male,189,87,2,24.4,78.6,-8.4,44,4050,normal weight
Male,189,87,2,24.4,78.6,-8.4,44,4050,normal weight
Male,189,87,2,24.4,78.6,-8.4,44,4050,normal weight
Male,189,87,2,24.4,78.6,-8.4,44,4050,normal weight
Male,189,87,2,24.4,78.6,-8.4,44,4050,normal weight
Male,189,87,2,24.4,78.6,-8.4,44,4050,normal weight
Male,189,87,2,24.4,78.6,-8.4,44,4050,normal weight
Male,189,87,2,24.4,78.6,-8.4,44,4050,normal weight
Male,189,87,2,24.4,78.6,-8.4,44,4050,normal weight
Male,189,87,2,24.4,78.6,-8.4,44,4050,normal weight
Male,189,87,2,24.4,78.6,-8.4,44,4050,normal weight
Male,189,87,2,24.4,78.6,-8.4,44,4050,normal weight
Male,189,87,2,24.4,78.6,-8.4,44,4050,normal weight
Male,189,87,2,24.4,78.6,-8.4,44,4050,normal weight
Male,189,87,2,24.4,78.6,-8.4,44,4050,normal weight
Male,189,87,2,24.4,78.6,-8.4,44,4050,normal weight
Male,189,87,2,24.4,78.6,-8.4,44,4050,normal weight
Male,189,87,2,24.4,78.6,-8.4,44,4050,normal weight
Male,189,87,2,24.4,78.6,-8.4,44,4050,normal weight
Male,189,87,2,24.4,78.6,-8.4,48,4050,normal weight
Male,189,87,2,24.4,78.6,-8.4,48,4050,normal weight
Male,189,87,2,24.4,78.6,-8.4,49,4050,normal weight
Male,189,87,2,24.4,78.6,-8.4,49,4050,normal weight
Male,195,81,2,21.3,83.7,2.7,27,5800,normal weight
Male,195,81,2,21.3,83.7,2.7,28,5800,normal weight
Male,195,81,2,21.3,83.7,2.7,28,5800,normal weight
Male,195,81,2,21.3,83.7,2.7,28,5800,normal weight
Male,195,81,2,21.3,83.7,2.7,28,5800,normal weight
Male,195,81,2,21.3,83.7,2.7,28,5800,normal weight
Male,195,81,2,21.3,83.7,2.7,29,5800,normal weight
Male,195,81,2,21.3,83.7,2.7,29,5800,normal weight
Male,195,81,2,21.3,83.7,2.7,29,5800,normal weight
Male,195,81,2,21.3,83.7,2.7,29,5800,normal weight
Male,195,81,2,21.3,83.7,2.7,29,5800,normal weight
Male,195,81,2,21.3,83.7,2.7,29,5800,normal weight
Male,195,81,2,21.3,83.7,2.7,29,5800,normal weight
Male,195,81,2,21.3,83.7,2.7,29,5800,normal weight
Male,195,81,2,21.3,83.7,2.7,29,5800,normal weight
Male,195,81,2,21.3,83.7,2.7,29,5800,normal weight
Male,195,81,2,21.3,83.7,2.7,29,5800,normal weight
Male,195,81,2,21.3,83.7,2.7,30,5550,normal weight
Male,195,81,2,21.3,83.7,2.7,30,5550,normal weight
Male,195,81,2,21.3,83.7,2.7,30,5550,normal weight
Male,195,81,2,21.3,83.7,2.7,30,5550,normal weight
Male,195,81,2,21.3,83.7,2.7,30,5550,normal weight
Male,195,81,2,21.3,83.7,2.7,30,5550,normal weight
Male,195,81,2,21.3,83.7,2.7,30,5550,normal weight
Male,195,81,2,21.3,83.7,2.7,30,5550,normal weight
Male,195,81,2,21.3,83.7,2.7,30,5550,normal weight
Male,195,81,2,21.3,83.7,2.7,30,5550,normal weight
Male,195,81,2,21.3,83.7,2.7,30,5550,normal weight
Male,195,81,2,21.3,83.7,2.7,31,5550,normal weight
Male,195,81,2,21.3,83.7,2.7,31,5550,normal weight
Male,195,81,2,21.3,83.7,2.7,31,5550,normal weight
Male,195,81,2,21.3,83.7,2.7,31,5550,normal weight
Male,195,81,2,21.3,83.7,2.7,31,5550,normal weight
Male,195,81,2,21.3,83.7,2.7,31,5550,normal weight
Male,195,81,2,21.3,83.7,2.7,31,5550,normal weight
Male,195,81,2,21.3,83.7,2.7,31,5550,normal weight
Male,195,81,2,21.3,83.7,2.7,31,5550,normal weight
Male,195,81,2,21.3,83.7,2.7,31,5550,normal weight
Male,195,81,2,21.3,83.7,2.7,31,5550,normal weight
Male,195,81,2,21.3,83.7,2.7,31,5550,normal weight
Male,195,81,2,21.3,83.7,2.7,31,5550,normal weight
Male,195,81,2,21.3,83.7,2.7,31,5550,normal weight
Male,195,81,2,21.3,83.7,2.7,31,5550,normal weight
Male,195,81,2,21.3,83.7,2.7,31,5550,normal weight
Male,195,81,2,21.3,83.7,2.7,31,5550,normal weight
Male,195,81,2,21.3,83.7,2.7,32,5550,normal weight
Male,195,81,2,21.3,83.7,2.7,32,5550,normal weight
Male,195,81,2,21.3,83.7,2.7,32,5550,normal weight
Male,195,81,2,21.3,83.7,2.7,32,5550,normal weight
Male,195,81,2,21.3,83.7,2.7,32,5550,normal weight
Male,195,81,2,21.3,83.7,2.7,32,5550,normal weight
Male,195,81,2,21.3,83.7,2.7,32,5550,normal weight
Male,195,81,2,21.3,83.7,2.7,32,5550,normal weight
Male,195,81,2,21.3,83.7,2.7,32,5550,normal weight
Male,195,81,2,21.3,83.7,2.7,32,5550,normal weight
Male,195,81,2,21.3,83.7,2.7,32,5550,normal weight
Male,195,81,2,21.3,83.7,2.7,32,5550,normal weight
Male,195,81,2,21.3,83.7,2.7,32,5550,normal weight
Male,195,81,2,21.3,83.7,2.7,32,5550,normal weight
Male,195,81,2,21.3,83.7,2.7,32,5550,normal weight
Male,195,81,2,21.3,83.7,2.7,32,5550,normal weight
Female,195,104,3,27.4,83.7,-20.3,29,3300,overweight
Female,195,104,3,27.4,83.7,-20.3,29,3300,overweight
Female,195,104,3,27.4,83.7,-20.3,30,3050,overweight
Female,195,104,3,27.4,83.7,-20.3,30,3050,overweight
Female,195,104,3,27.4,83.7,-20.3,31,3050,overweight
Female,195,104,3,27.4,83.7,-20.3,33,3050,overweight
Female,195,104,3,27.4,83.7,-20.3,33,3050,overweight
Female,195,104,3,27.4,83.7,-20.3,34,3050,overweight
Female,195,104,3,27.4,83.7,-20.3,34,3050,overweight
Female,195,104,3,27.4,83.7,-20.3,35,3050,overweight
Female,195,104,3,27.4,83.7,-20.3,36,3050,overweight
Female,195,104,3,27.4,83.7,-20.3,36,3050,overweight
Female,195,104,3,27.4,83.7,-20.3,36,3050,overweight
Female,195,104,3,27.4,83.7,-20.3,36,3050,overweight
Female,195,104,3,27.4,83.7,-20.3,36,3050,overweight
Female,195,104,3,27.4,83.7,-20.3,36,3050,overweight
Female,195,104,3,27.4,83.7,-20.3,36,3050,overweight
Female,195,104,3,27.4,83.7,-20.3,36,3050,overweight
Female,195,104,3,27.4,83.7,-20.3,36,3050,overweight
Female,195,104,3,27.4,83.7,-20.3,36,3050,overweight
Female,195,104,3,27.4,83.7,-20.3,37,3050,overweight
Female,195,104,3,27.4,83.7,-20.3,37,3050,overweight
Female,195,104,3,27.4,83.7,-20.3,37,3050,overweight
Female,195,104,3,27.4,83.7,-20.3,37,3050,overweight
Female,195,104,3,27.4,83.7,-20.3,37,3050,overweight
Female,195,104,3,27.4,83.7,-20.3,37,3050,overweight
Female,195,104,3,27.4,83.7,-20.3,37,3050,overweight
Female,195,104,3,27.4,83.7,-20.3,37,3050,overweight
Female,195,104,3,27.4,83.7,-20.3,37,3050,overweight
Female,195,104,3,27.4,83.7,-20.3,37,3050,overweight
Female,195,104,3,27.4,83.7,-20.3,37,3050,overweight
Female,195,104,3,27.4,83.7,-20.3,37,3050,overweight
Female,195,104,3,27.4,83.7,-20.3,37,3050,overweight
Female,195,104,3,27.4,83.7,-20.3,37,3050,overweight
Female,195,104,3,27.4,83.7,-20.3,37,3050,overweight
Female,195,104,3,27.4,83.7,-20.3,38,3050,overweight
Female,195,104,3,27.4,83.7,-20.3,38,3050,overweight
Female,195,104,3,27.4,83.7,-20.3,38,3050,overweight
Female,195,104,3,27.4,83.7,-20.3,38,3050,overweight
Female,195,104,3,27.4,83.7,-20.3,38,3050,overweight
Female,195,104,3,27.4,83.7,-20.3,38,3050,overweight
Female,195,104,3,27.4,83.7,-20.3,38,3050,overweight
Female,195,104,3,27.4,83.7,-20.3,38,3050,overweight
Female,195,104,3,27.4,83.7,-20.3,38,3050,overweight
Female,195,104,3,27.4,83.7,-20.3,39,3050,overweight
Female,195,104,3,27.4,83.7,-20.3,39,3050,overweight
Female,195,104,3,27.4,83.7,-20.3,39,3050,overweight
Female,195,104,3,27.4,83.7,-20.3,40,3050,overweight
Female,195,104,3,27.4,83.7,-20.3,40,3050,overweight
Female,195,104,3,27.4,83.7,-20.3,42,3050,overweight
Female,195,104,3,27.4,83.7,-20.3,42,3050,overweight
Female,195,104,3,27.4,83.7,-20.3,43,3050,overweight
Female,195,104,3,27.4,83.7,-20.3,43,3050,overweight
Female,195,104,3,27.4,83.7,-20.3,43,3050,overweight
Female,195,104,3,27.4,83.7,-20.3,44,3050,overweight
Female,195,104,3,27.4,83.7,-20.3,44,3050,overweight
Female,195,104,3,27.4,83.7,-20.3,44,3050,overweight
Female,195,104,3,27.4,83.7,-20.3,44,3050,overweight
Female,195,104,3,27.4,83.7,-20.3,44,3050,overweight
Female,195,104,3,27.4,83.7,-20.3,44,3050,overweight
Female,195,104,3,27.4,83.7,-20.3,44,3050,overweight
Female,195,104,3,27.4,83.7,-20.3,44,3050,overweight
Female,195,104,3,27.4,83.7,-20.3,44,3050,overweight
Female,195,104,3,27.4,83.7,-20.3,44,3050,overweight
Female,195,104,3,27.4,83.7,-20.3,44,3050,overweight
Female,195,104,3,27.4,83.7,-20.3,45,3050,overweight
Female,195,104,3,27.4,83.7,-20.3,45,3050,overweight
Female,195,104,3,27.4,83.7,-20.3,45,3050,overweight
Female,195,104,3,27.4,83.7,-20.3,45,3050,overweight
Female,195,104,3,27.4,83.7,-20.3,45,3050,overweight
Female,195,104,3,27.4,83.7,-20.3,45,3050,overweight
Female,195,104,3,27.4,83.7,-20.3,45,3050,overweight
Female,195,104,3,27.4,83.7,-20.3,45,3050,overweight
Female,195,104,3,27.4,83.7,-20.3,45,3050,overweight
Female,195,104,3,27.4,83.7,-20.3,45,3050,overweight
Female,195,104,3,27.4,83.7,-20.3,45,3050,overweight
Female,195,104,3,27.4,83.7,-20.3,45,3050,overweight
Female,195,104,3,27.4,83.7,-20.3,45,3050,overweight
Female,195,104,3,27.4,83.7,-20.3,45,3050,overweight
Female,195,104,3,27.4,83.7,-20.3,48,3050,overweight
Female,195,104,3,27.4,83.7,-20.3,49,3050,overweight
Female,195,104,3,27.4,83.7,-20.3,49,3050,overweight
Female,195,104,3,27.4,83.7,-20.3,49,3050,overweight
Female,195,104,3,27.4,83.7,-20.3,49,3050,overweight
Female,195,104,3,27.4,83.7,-20.3,49,3050,overweight
Female,195,104,3,27.4,83.7,-20.3,49,3050,overweight
Female,195,104,3,27.4,83.7,-20.3,49,3050,overweight
Female,195,104,3,27.4,83.7,-20.3,49,3050,overweight
Female,195,104,3,27.4,83.7,-20.3,49,3050,overweight
Female,195,104,3,27.4,83.7,-20.3,50,3050,overweight
Female,195,104,3,27.4,83.7,-20.3,50,3050,overweight
Female,195,104,3,27.4,83.7,-20.3,50,3050,overweight
Female,195,104,3,27.4,83.7,-20.3,50,3050,overweight
Female,195,104,3,27.4,83.7,-20.3,50,3050,overweight
Female,195,104,3,27.4,83.7,-20.3,50,3050,overweight
Female,195,104,3,27.4,83.7,-20.3,50,3050,overweight
Female,195,104,3,27.4,83.7,-20.3,50,3050,overweight
Female,195,104,3,27.4,83.7,-20.3,50,3050,overweight
Female,195,104,3,27.4,83.7,-20.3,50,3050,overweight
Female,195,104,3,27.4,83.7,-20.3,50,3050,overweight
Female,195,104,3,27.4,83.7,-20.3,50,3050,overweight
Female,195,104,3,27.4,83.7,-20.3,50,3050,overweight
Female,195,104,3,27.4,83.7,-20.3,50,3050,overweight
Female,195,104,3,27.4,83.7,-20.3,50,3050,overweight
Female,195,104,3,27.4,83.7,-20.3,50,3050,overweight
Female,195,104,3,27.4,83.7,-20.3,50,3050,overweight
Female,195,104,3,27.4,83.7,-20.3,50,3050,overweight
Female,195,104,3,27.4,83.7,-20.3,50,3050,overweight
Female,195,104,3,27.4,83.7,-20.3,50,3050,overweight
Female,195,104,3,27.4,83.7,-20.3,51,2300,overweight
Female,195,104,3,27.4,83.7,-20.3,51,2300,overweight
Female,195,104,3,27.4,83.7,-20.3,51,2300,overweight
Female,195,104,3,27.4,83.7,-20.3,51,2300,overweight
Female,195,104,3,27.4,83.7,-20.3,51,2300,overweight
Female,195,104,3,27.4,83.7,-20.3,51,2300,overweight
Female,195,104,3,27.4,83.7,-20.3,51,2300,overweight
Female,195,104,3,27.4,83.7,-20.3,51,2300,overweight
Female,195,104,3,27.4,83.7,-20.3,52,2300,overweight
Female,195,104,3,27.4,83.7,-20.3,52,2300,overweight
Female,195,104,3,27.4,83.7,-20.3,52,2300,overweight
Female,195,104,3,27.4,83.7,-20.3,52,2300,overweight
Female,195,104,3,27.4,83.7,-20.3,52,2300,overweight
Female,195,104,3,27.4,83.7,-20.3,52,2300,overweight
Female,195,104,3,27.4,83.7,-20.3,52,2300,overweight
Female,195,104,3,27.4,83.7,-20.3,52,2300,overweight
Female,195,104,3,27.4,83.7,-20.3,52,2300,overweight
Female,195,104,3,27.4,83.7,-20.3,53,2300,overweight
Female,195,104,3,27.4,83.7,-20.3,53,2300,overweight
Female,195,104,3,27.4,83.7,-20.3,53,2300,overweight
Female,195,104,3,27.4,83.7,-20.3,53,2300,overweight
Female,195,104,3,27.4,83.7,-20.3,53,2300,overweight
Female,195,104,3,27.4,83.7,-20.3,53,2300,overweight
Female,195,104,3,27.4,83.7,-20.3,53,2300,overweight
Female,195,104,3,27.4,83.7,-20.3,53,2300,overweight
Female,195,104,3,27.4,83.7,-20.3,53,2300,overweight
Female,195,104,3,27.4,83.7,-20.3,53,2300,overweight
Female,195,104,3,27.4,83.7,-20.3,53,2300,overweight
Female,195,104,3,27.4,83.7,-20.3,53,2300,overweight
Female,195,104,3,27.4,83.7,-20.3,53,2300,overweight
Female,195,104,3,27.4,83.7,-20.3,53,2300,overweight
Female,195,104,3,27.4,83.7,-20.3,53,2300,overweight
Female,195,104,3,27.4,83.7,-20.3,53,2300,overweight
Female,195,104,3,27.4,83.7,-20.3,53,2300,overweight
Female,195,104,3,27.4,83.7,-20.3,54,2300,overweight
Female,195,104,3,27.4,83.7,-20.3,54,2300,overweight
Female,195,104,3,27.4,83.7,-20.3,54,2300,overweight
Female,195,104,3,27.4,83.7,-20.3,54,2300,overweight
Female,195,104,3,27.4,83.7,-20.3,54,2300,overweight
Female,195,104,3,27.4,83.7,-20.3,54,2300,overweight
Female,195,104,3,27.4,83.7,-20.3,54,2300,overweight
Female,195,104,3,27.4,83.7,-20.3,55,2300,overweight
Female,195,104,3,27.4,83.7,-20.3,55,2300,overweight
Female,195,104,3,27.4,83.7,-20.3,56,2300,overweight
Female,195,104,3,27.4,83.7,-20.3,56,2300,overweight
Female,195,104,3,27.4,83.7,-20.3,57,2300,overweight
Female,195,104,3,27.4,83.7,-20.3,57,2300,overweight
Female,195,104,3,27.4,83.7,-20.3,57,2300,overweight
Female,195,104,3,27.4,83.7,-20.3,57,2300,overweight
Female,195,104,3,27.4,83.7,-20.3,57,2300,overweight
Female,195,104,3,27.4,83.7,-20.3,57,2300,overweight
Female,195,104,3,27.4,83.7,-20.3,57,2300,overweight
Female,195,104,3,27.4,83.7,-20.3,57,2300,overweight
Female,195,104,3,27.4,83.7,-20.3,57,2300,overweight
Female,195,104,3,27.4,83.7,-20.3,58,2300,overweight
Female,195,104,3,27.4,83.7,-20.3,58,2300,overweight
Female,195,104,3,27.4,83.7,-20.3,58,2300,overweight
Female,195,104,3,27.4,83.7,-20.3,58,2300,overweight
Female,195,104,3,27.4,83.7,-20.3,58,2300,overweight
Female,195,104,3,27.4,83.7,-20.3,58,2300,overweight
Female,195,104,3,27.4,83.7,-20.3,59,2300,overweight
Female,195,104,3,27.4,83.7,-20.3,59,2300,overweight
Female,195,104,3,27.4,83.7,-20.3,59,2300,overweight
Female,195,104,3,27.4,83.7,-20.3,59,2300,overweight
Female,195,104,3,27.4,83.7,-20.3,59,2300,overweight
Female,195,104,3,27.4,83.7,-20.3,59,2300,overweight
Female,195,104,3,27.4,83.7,-20.3,59,2300,overweight
Female,195,104,3,27.4,83.7,-20.3,59,2300,overweight
Female,195,104,3,27.4,83.7,-20.3,59,2300,overweight
Female,195,104,3,27.4,83.7,-20.3,59,2300,overweight
Female,195,104,3,27.4,83.7,-20.3,59,2300,overweight
Female,195,104,3,27.4,83.7,-20.3,59,2300,overweight
Female,195,104,3,27.4,83.7,-20.3,59,2300,overweight
Female,195,104,3,27.4,83.7,-20.3,59,2300,overweight
Female,195,104,3,27.4,83.7,-20.3,59,2300,overweight
Female,195,104,3,27.4,83.7,-20.3,59,2300,overweight
Male,149,61,3,27.5,48.8,-12.2,27,3300,overweight
Male,149,61,3,27.5,48.8,-12.2,28,3300,overweight
Male,149,61,3,27.5,48.8,-12.2,28,3300,overweight
Male,149,61,3,27.5,48.8,-12.2,28,3300,overweight
Male,149,61,3,27.5,48.8,-12.2,28,3300,overweight
Male,149,61,3,27.5,48.8,-12.2,28,3300,overweight
Male,149,61,3,27.5,48.8,-12.2,29,3300,overweight
Male,149,61,3,27.5,48.8,-12.2,29,3300,overweight
Male,149,61,3,27.5,48.8,-12.2,29,3300,overweight
Male,149,61,3,27.5,48.8,-12.2,29,3300,overweight
Male,149,61,3,27.5,48.8,-12.2,29,3300,overweight
Male,149,61,3,27.5,48.8,-12.2,29,3300,overweight
Male,149,61,3,27.5,48.8,-12.2,29,3300,overweight
Male,149,61,3,27.5,48.8,-12.2,29,3300,overweight
Male,149,61,3,27.5,48.8,-12.2,29,3300,overweight
Male,149,61,3,27.5,48.8,-12.2,29,3300,overweight
Male,149,61,3,27.5,48.8,-12.2,29,3300,overweight
Male,149,61,3,27.5,48.8,-12.2,30,3050,overweight
Male,149,61,3,27.5,48.8,-12.2,30,3050,overweight
Male,149,61,3,27.5,48.8,-12.2,30,3050,overweight
Male,149,61,3,27.5,48.8,-12.2,30,3050,overweight
Male,149,61,3,27.5,48.8,-12.2,30,3050,overweight
Male,149,61,3,27.5,48.8,-12.2,30,3050,overweight
Male,149,61,3,27.5,48.8,-12.2,30,3050,overweight
Male,149,61,3,27.5,48.8,-12.2,30,3050,overweight
Male,149,61,3,27.5,48.8,-12.2,30,3050,overweight
Male,149,61,3,27.5,48.8,-12.2,30,3050,overweight
Male,149,61,3,27.5,48.8,-12.2,30,3050,overweight
Male,149,61,3,27.5,48.8,-12.2,31,3050,overweight
Male,149,61,3,27.5,48.8,-12.2,31,3050,overweight
Male,149,61,3,27.5,48.8,-12.2,31,3050,overweight
Male,149,61,3,27.5,48.8,-12.2,31,3050,overweight
Male,149,61,3,27.5,48.8,-12.2,31,3050,overweight
Male,149,61,3,27.5,48.8,-12.2,31,3050,overweight
Male,149,61,3,27.5,48.8,-12.2,31,3050,overweight
Male,149,61,3,27.5,48.8,-12.2,31,3050,overweight
Male,149,61,3,27.5,48.8,-12.2,31,3050,overweight
Male,149,61,3,27.5,48.8,-12.2,31,3050,overweight
Male,149,61,3,27.5,48.8,-12.2,31,3050,overweight
Male,149,61,3,27.5,48.8,-12.2,31,3050,overweight
Male,149,61,3,27.5,48.8,-12.2,31,3050,overweight
Male,149,61,3,27.5,48.8,-12.2,31,3050,overweight
Male,149,61,3,27.5,48.8,-12.2,31,3050,overweight
Male,149,61,3,27.5,48.8,-12.2,31,3050,overweight
Male,149,61,3,27.5,48.8,-12.2,31,3050,overweight
Male,149,61,3,27.5,48.8,-12.2,32,3050,overweight
Male,149,61,3,27.5,48.8,-12.2,32,3050,overweight
Male,149,61,3,27.5,48.8,-12.2,32,3050,overweight
Male,149,61,3,27.5,48.8,-12.2,32,3050,overweight
Male,149,61,3,27.5,48.8,-12.2,32,3050,overweight
Male,149,61,3,27.5,48.8,-12.2,32,3050,overweight
Male,149,61,3,27.5,48.8,-12.2,32,3050,overweight
Male,149,61,3,27.5,48.8,-12.2,32,3050,overweight
Male,149,61,3,27.5,48.8,-12.2,32,3050,overweight
Male,149,61,3,27.5,48.8,-12.2,32,3050,overweight
Male,149,61,3,27.5,48.8,-12.2,32,3050,overweight
Male,149,61,3,27.5,48.8,-12.2,32,3050,overweight
Male,149,61,3,27.5,48.8,-12.2,32,3050,overweight
Male,149,61,3,27.5,48.8,-12.2,32,3050,overweight
Male,149,61,3,27.5,48.8,-12.2,32,3050,overweight
Male,149,61,3,27.5,48.8,-12.2,32,3050,overweight
Male,149,61,3,27.5,48.8,-12.2,32,3050,overweight
Male,149,61,3,27.5,48.8,-12.2,33,3050,overweight
Male,149,61,3,27.5,48.8,-12.2,33,3050,overweight
Male,149,61,3,27.5,48.8,-12.2,33,3050,overweight
Male,174,96,4,31.7,66.6,-29.4,27,2800,obesity
Male,174,96,4,31.7,66.6,-29.4,28,2800,obesity
Male,174,96,4,31.7,66.6,-29.4,28,2800,obesity
Male,174,96,4,31.7,66.6,-29.4,28,2800,obesity
Male,174,96,4,31.7,66.6,-29.4,28,2800,obesity
Male,174,96,4,31.7,66.6,-29.4,28,2800,obesity
Male,174,96,4,31.7,66.6,-29.4,29,2800,obesity
Male,174,96,4,31.7,66.6,-29.4,29,2800,obesity
Male,174,96,4,31.7,66.6,-29.4,29,2800,obesity
Male,174,96,4,31.7,66.6,-29.4,29,2800,obesity
Male,174,96,4,31.7,66.6,-29.4,29,2800,obesity
Male,174,96,4,31.7,66.6,-29.4,29,2800,obesity
Male,174,96,4,31.7,66.6,-29.4,29,2800,obesity
Male,174,96,4,31.7,66.6,-29.4,29,2800,obesity
Male,174,96,4,31.7,66.6,-29.4,29,2800,obesity
Male,174,96,4,31.7,66.6,-29.4,29,2800,obesity
Male,174,96,4,31.7,66.6,-29.4,29,2800,obesity
Male,174,96,4,31.7,66.6,-29.4,30,2550,obesity
Male,174,96,4,31.7,66.6,-29.4,30,2550,obesity
Male,174,96,4,31.7,66.6,-29.4,30,2550,obesity
Male,174,96,4,31.7,66.6,-29.4,30,2550,obesity
Male,174,96,4,31.7,66.6,-29.4,30,2550,obesity
Male,174,96,4,31.7,66.6,-29.4,30,2550,obesity
Male,174,96,4,31.7,66.6,-29.4,30,2550,obesity
Male,174,96,4,31.7,66.6,-29.4,30,2550,obesity
Male,174,96,4,31.7,66.6,-29.4,30,2550,obesity
Male,174,96,4,31.7,66.6,-29.4,30,2550,obesity
Male,174,96,4,31.7,66.6,-29.4,30,2550,obesity
Male,174,96,4,31.7,66.6,-29.4,31,2550,obesity
Male,174,96,4,31.7,66.6,-29.4,31,2550,obesity
Male,174,96,4,31.7,66.6,-29.4,31,2550,obesity
Male,174,96,4,31.7,66.6,-29.4,31,2550,obesity
Male,174,96,4,31.7,66.6,-29.4,31,2550,obesity
Male,174,96,4,31.7,66.6,-29.4,31,2550,obesity
Male,174,96,4,31.7,66.6,-29.4,31,2550,obesity
Male,174,96,4,31.7,66.6,-29.4,31,2550,obesity
Male,174,96,4,31.7,66.6,-29.4,31,2550,obesity
Male,174,96,4,31.7,66.6,-29.4,31,2550,obesity
Male,174,96,4,31.7,66.6,-29.4,31,2550,obesity
Male,174,96,4,31.7,66.6,-29.4,31,2550,obesity
Male,174,96,4,31.7,66.6,-29.4,31,2550,obesity
Male,174,96,4,31.7,66.6,-29.4,31,2550,obesity
Male,174,96,4,31.7,66.6,-29.4,31,2550,obesity
Male,174,96,4,31.7,66.6,-29.4,31,2550,obesity
Male,174,96,4,31.7,66.6,-29.4,31,2550,obesity
Male,174,96,4,31.7,66.6,-29.4,32,2550,obesity
Male,174,96,4,31.7,66.6,-29.4,32,2550,obesity
Male,174,96,4,31.7,66.6,-29.4,32,2550,obesity
Male,174,96,4,31.7,66.6,-29.4,32,2550,obesity
Male,174,96,4,31.7,66.6,-29.4,32,2550,obesity
Male,174,96,4,31.7,66.6,-29.4,32,2550,obesity
Male,174,96,4,31.7,66.6,-29.4,32,2550,obesity
Male,174,96,4,31.7,66.6,-29.4,32,2550,obesity
Male,174,96,4,31.7,66.6,-29.4,32,2550,obesity
Male,174,96,4,31.7,66.6,-29.4,32,2550,obesity
Male,174,96,4,31.7,66.6,-29.4,32,2550,obesity
Male,174,96,4,31.7,66.6,-29.4,32,2550,obesity
Male,174,96,4,31.7,66.6,-29.4,32,2550,obesity
Male,174,96,4,31.7,66.6,-29.4,32,2550,obesity
Male,174,96,4,31.7,66.6,-29.4,32,2550,obesity
Male,174,96,4,31.7,66.6,-29.4,32,2550,obesity
Male,174,96,4,31.7,66.6,-29.4,32,2550,obesity
Male,174,96,4,31.7,66.6,-29.4,33,2550,obesity
Male,174,96,4,31.7,66.6,-29.4,33,2550,obesity
Male,174,96,4,31.7,66.6,-29.4,33,2550,obesity
Male,174,96,4,31.7,66.6,-29.4,33,2550,obesity
Male,174,96,4,31.7,66.6,-29.4,33,2550,obesity
Male,174,96,4,31.7,66.6,-29.4,33,2550,obesity
Male,174,96,4,31.7,66.6,-29.4,33,2550,obesity
Male,174,96,4,31.7,66.6,-29.4,33,2550,obesity
Male,174,96,4,31.7,66.6,-29.4,33,2550,obesity
Male,174,96,4,31.7,66.6,-29.4,33,2550,obesity
Male,174,96,4,31.7,66.6,-29.4,33,2550,obesity
Male,174,96,4,31.7,66.6,-29.4,35,2550,obesity
Male,174,96,4,31.7,66.6,-29.4,35,2550,obesity
Male,174,96,4,31.7,66.6,-29.4,35,2550,obesity
Male,174,96,4,31.7,66.6,-29.4,35,2550,obesity
Male,174,96,4,31.7,66.6,-29.4,35,2550,obesity
Male,174,96,4,31.7,66.6,-29.4,35,2550,obesity
Male,174,96,4,31.7,66.6,-29.4,35,2550,obesity
Male,174,96,4,31.7,66.6,-29.4,35,2550,obesity
Male,174,96,4,31.7,66.6,-29.4,35,2550,obesity
Male,174,96,4,31.7,66.6,-29.4,35,2550,obesity
Male,174,96,4,31.7,66.6,-29.4,35,2550,obesity
Male,174,96,4,31.7,66.6,-29.4,36,2550,obesity
Male,174,96,4,31.7,66.6,-29.4,36,2550,obesity
Male,174,96,4,31.7,66.6,-29.4,37,2550,obesity
Male,174,96,4,31.7,66.6,-29.4,37,2550,obesity
Male,174,96,4,31.7,66.6,-29.4,37,2550,obesity
Male,174,96,4,31.7,66.6,-29.4,37,2550,obesity
Male,174,96,4,31.7,66.6,-29.4,37,2550,obesity
Male,174,96,4,31.7,66.6,-29.4,38,2550,obesity
Male,174,96,4,31.7,66.6,-29.4,38,2550,obesity
Male,174,96,4,31.7,66.6,-29.4,38,2550,obesity
Male,174,96,4,31.7,66.6,-29.4,38,2550,obesity
Male,174,96,4,31.7,66.6,-29.4,38,2550,obesity
Male,174,96,4,31.7,66.6,-29.4,38,2550,obesity
Male,174,96,4,31.7,66.6,-29.4,38,2550,obesity
Male,174,96,4,31.7,66.6,-29.4,38,2550,obesity
Male,174,96,4,31.7,66.6,-29.4,38,2550,obesity
Male,174,96,4,31.7,66.6,-29.4,38,2550,obesity
Male,174,96,4,31.7,66.6,-29.4,38,2550,obesity
Male,174,96,4,31.7,66.6,-29.4,39,2550,obesity
Male,174,96,4,31.7,66.6,-29.4,39,2550,obesity
Male,174,96,4,31.7,66.6,-29.4,39,2550,obesity
Male,174,96,4,31.7,66.6,-29.4,39,2550,obesity
Male,174,96,4,31.7,66.6,-29.4,39,2550,obesity
Male,174,96,4,31.7,66.6,-29.4,39,2550,obesity
Male,174,96,4,31.7,66.6,-29.4,39,2550,obesity
Male,174,96,4,31.7,66.6,-29.4,39,2550,obesity
Male,174,96,4,31.7,66.6,-29.4,39,2550,obesity
Male,174,96,4,31.7,66.6,-29.4,39,2550,obesity
Male,174,96,4,31.7,66.6,-29.4,39,2550,obesity
Male,174,96,4,31.7,66.6,-29.4,39,2550,obesity
Male,174,96,4,31.7,66.6,-29.4,40,2550,obesity
Male,174,96,4,31.7,66.6,-29.4,40,2550,obesity
Male,174,96,4,31.7,66.6,-29.4,41,2550,obesity
Male,174,96,4,31.7,66.6,-29.4,41,2550,obesity
Male,174,96,4,31.7,66.6,-29.4,41,2550,obesity
Male,174,96,4,31.7,66.6,-29.4,41,2550,obesity
Male,174,96,4,31.7,66.6,-29.4,41,2550,obesity
Male,174,96,4,31.7,66.6,-29.4,41,2550,obesity
Male,174,96,4,31.7,66.6,-29.4,41,2550,obesity
Male,174,96,4,31.7,66.6,-29.4,41,2550,obesity
Male,174,96,4,31.7,66.6,-29.4,41,2550,obesity
Male,174,96,4,31.7,66.6,-29.4,41,2550,obesity
Male,174,96,4,31.7,66.6,-29.4,41,2550,obesity
Male,174,96,4,31.7,66.6,-29.4,41,2550,obesity
Male,174,96,4,31.7,66.6,-29.4,42,2550,obesity
Male,174,96,4,31.7,66.6,-29.4,42,2550,obesity
Male,174,96,4,31.7,66.6,-29.4,42,2550,obesity
Male,174,96,4,31.7,66.6,-29.4,42,2550,obesity
Male,174,96,4,31.7,66.6,-29.4,42,2550,obesity
Male,174,96,4,31.7,66.6,-29.4,42,2550,obesity
Male,174,96,4,31.7,66.6,-29.4,42,2550,obesity
Male,174,96,4,31.7,66.6,-29.4,43,2550,obesity
Male,174,96,4,31.7,66.6,-29.4,43,2550,obesity
Male,174,96,4,31.7,66.6,-29.4,43,2550,obesity
Male,174,96,4,31.7,66.6,-29.4,43,2550,obesity
Male,174,96,4,31.7,66.6,-29.4,43,2550,obesity
Male,174,96,4,31.7,66.6,-29.4,43,2550,obesity
Male,174,96,4,31.7,66.6,-29.4,43,2550,obesity
Male,174,96,4,31.7,66.6,-29.4,43,2550,obesity
Male,174,96,4,31.7,66.6,-29.4,43,2550,obesity
Male,174,96,4,31.7,66.6,-29.4,43,2550,obesity
Male,174,96,4,31.7,66.6,-29.4,43,2550,obesity
Male,174,96,4,31.7,66.6,-29.4,43,2550,obesity
Male,174,96,4,31.7,66.6,-29.4,43,2550,obesity
Male,174,96,4,31.7,66.6,-29.4,43,2550,obesity
Male,174,96,4,31.7,66.6,-29.4,43,2550,obesity
Male,174,96,4,31.7,66.6,-29.4,43,2550,obesity
Male,174,96,4,31.7,66.6,-29.4,43,2550,obesity
Male,174,96,4,31.7,66.6,-29.4,43,2550,obesity
Male,174,96,4,31.7,66.6,-29.4,43,2550,obesity
Male,174,96,4,31.7,66.6,-29.4,43,2550,obesity
Male,174,96,4,31.7,66.6,-29.4,43,2550,obesity
Male,174,96,4,31.7,66.6,-29.4,43,2550,obesity
Male,174,96,4,31.7,66.6,-29.4,43,2550,obesity
Male,174,96,4,31.7,66.6,-29.4,43,2550,obesity
Male,174,96,4,31.7,66.6,-29.4,43,2550,obesity
Male,174,96,4,31.7,66.6,-29.4,43,2550,obesity
Male,174,96,4,31.7,66.6,-29.4,43,2550,obesity
Male,174,96,4,31.7,66.6,-29.4,43,2550,obesity
Male,174,96,4,31.7,66.6,-29.4,43,2550,obesity
Male,174,96,4,31.7,66.6,-29.4,43,2550,obesity
Male,174,96,4,31.7,66.6,-29.4,43,2550,obesity
Male,174,96,4,31.7,66.6,-29.4,44,2550,obesity
Male,174,96,4,31.7,66.6,-29.4,44,2550,obesity
Male,174,96,4,31.7,66.6,-29.4,44,2550,obesity
Male,174,96,4,31.7,66.6,-29.4,44,2550,obesity
Male,174,96,4,31.7,66.6,-29.4,44,2550,obesity
Male,174,96,4,31.7,66.6,-29.4,44,2550,obesity
Male,174,96,4,31.7,66.6,-29.4,44,2550,obesity
Male,174,96,4,31.7,66.6,-29.4,44,2550,obesity
Male,174,96,4,31.7,66.6,-29.4,44,2550,obesity
Male,174,96,4,31.7,66.6,-29.4,44,2550,obesity
Male,174,96,4,31.7,66.6,-29.4,44,2550,obesity
Male,174,96,4,31.7,66.6,-29.4,44,2550,obesity
Male,174,96,4,31.7,66.6,-29.4,44,2550,obesity
Male,174,96,4,31.7,66.6,-29.4,44,2550,obesity
Male,174,96,4,31.7,66.6,-29.4,44,2550,obesity
Male,174,96,4,31.7,66.6,-29.4,44,2550,obesity
Male,174,96,4,31.7,66.6,-29.4,44,2550,obesity
Male,174,96,4,31.7,66.6,-29.4,44,2550,obesity
Male,174,96,4,31.7,66.6,-29.4,44,2550,obesity
Male,174,96,4,31.7,66.6,-29.4,48,2550,obesity
Male,174,96,4,31.7,66.6,-29.4,48,2550,obesity
Male,174,96,4,31.7,66.6,-29.4,49,2550,obesity
Male,174,96,4,31.7,66.6,-29.4,49,2550,obesity
Female,185,110,4,32.1,75.3,-34.7,29,2800,obesity
Female,185,110,4,32.1,75.3,-34.7,29,2800,obesity
Female,185,110,4,32.1,75.3,-34.7,30,2550,obesity
Female,185,110,4,32.1,75.3,-34.7,30,2550,obesity
Female,185,110,4,32.1,75.3,-34.7,31,2550,obesity
Female,185,110,4,32.1,75.3,-34.7,33,2550,obesity
Female,185,110,4,32.1,75.3,-34.7,33,2550,obesity
Female,185,110,4,32.1,75.3,-34.7,34,2550,obesity
Female,185,110,4,32.1,75.3,-34.7,34,2550,obesity
Female,185,110,4,32.1,75.3,-34.7,35,2550,obesity
Female,185,110,4,32.1,75.3,-34.7,36,2550,obesity
Female,185,110,4,32.1,75.3,-34.7,36,2550,obesity
Female,185,110,4,32.1,75.3,-34.7,36,2550,obesity
Female,185,110,4,32.1,75.3,-34.7,36,2550,obesity
Female,185,110,4,32.1,75.3,-34.7,36,2550,obesity
Female,185,110,4,32.1,75.3,-34.7,36,2550,obesity
Female,185,110,4,32.1,75.3,-34.7,36,2550,obesity
Female,185,110,4,32.1,75.3,-34.7,36,2550,obesity
Female,185,110,4,32.1,75.3,-34.7,36,2550,obesity
Female,185,110,4,32.1,75.3,-34.7,36,2550,obesity
Female,185,110,4,32.1,75.3,-34.7,37,2550,obesity
Female,185,110,4,32.1,75.3,-34.7,37,2550,obesity
Female,185,110,4,32.1,75.3,-34.7,37,2550,obesity
Female,185,110,4,32.1,75.3,-34.7,37,2550,obesity
Female,185,110,4,32.1,75.3,-34.7,37,2550,obesity
Female,185,110,4,32.1,75.3,-34.7,37,2550,obesity
Female,185,110,4,32.1,75.3,-34.7,37,2550,obesity
Female,185,110,4,32.1,75.3,-34.7,37,2550,obesity
Female,185,110,4,32.1,75.3,-34.7,37,2550,obesity
Female,185,110,4,32.1,75.3,-34.7,37,2550,obesity
Female,185,110,4,32.1,75.3,-34.7,37,2550,obesity
Female,185,110,4,32.1,75.3,-34.7,37,2550,obesity
Female,185,110,4,32.1,75.3,-34.7,37,2550,obesity
Female,185,110,4,32.1,75.3,-34.7,37,2550,obesity
Female,185,110,4,32.1,75.3,-34.7,37,2550,obesity
Female,185,110,4,32.1,75.3,-34.7,38,2550,obesity
Female,185,110,4,32.1,75.3,-34.7,38,2550,obesity
Female,185,110,4,32.1,75.3,-34.7,38,2550,obesity
Female,185,110,4,32.1,75.3,-34.7,38,2550,obesity
Female,185,110,4,32.1,75.3,-34.7,38,2550,obesity
Female,185,110,4,32.1,75.3,-34.7,38,2550,obesity
Female,185,110,4,32.1,75.3,-34.7,38,2550,obesity
Female,185,110,4,32.1,75.3,-34.7,38,2550,obesity
Female,185,110,4,32.1,75.3,-34.7,38,2550,obesity
Female,185,110,4,32.1,75.3,-34.7,39,2550,obesity
Female,185,110,4,32.1,75.3,-34.7,39,2550,obesity
Female,185,110,4,32.1,75.3,-34.7,39,2550,obesity
Female,185,110,4,32.1,75.3,-34.7,40,2550,obesity
Female,185,110,4,32.1,75.3,-34.7,40,2550,obesity
Female,185,110,4,32.1,75.3,-34.7,42,2550,obesity
Female,185,110,4,32.1,75.3,-34.7,42,2550,obesity
Female,185,110,4,32.1,75.3,-34.7,43,2550,obesity
Female,185,110,4,32.1,75.3,-34.7,43,2550,obesity
Female,185,110,4,32.1,75.3,-34.7,43,2550,obesity
Female,185,110,4,32.1,75.3,-34.7,44,2550,obesity
Female,185,110,4,32.1,75.3,-34.7,44,2550,obesity
Female,185,110,4,32.1,75.3,-34.7,44,2550,obesity
Female,185,110,4,32.1,75.3,-34.7,44,2550,obesity
Female,185,110,4,32.1,75.3,-34.7,44,2550,obesity
Female,185,110,4,32.1,75.3,-34.7,44,2550,obesity
Female,185,110,4,32.1,75.3,-34.7,44,2550,obesity
